{"stats":{"minecraft:picked_up":{"minecraft:stone_pickaxe":1,"minecraft:stone_axe":1},"minecraft:custom":{"minecraft:jump":43,"minecraft:time_since_rest":34591,"minecraft:damage_taken":81,"minecraft:damage_dealt":20,"minecraft:crouch_one_cm":26,"minecraft:leave_game":10,"minecraft:sprint_one_cm":4067,"minecraft:play_time":34591,"minecraft:time_since_death":34591,"minecraft:walk_on_water_one_cm":12213,"minecraft:walk_one_cm":56098,"minecraft:sneak_time":110,"minecraft:total_world_time":34591,"minecraft:walk_under_water_one_cm":561,"minecraft:swim_one_cm":10337,"minecraft:boat_one_cm":26742,"minecraft:fly_one_cm":19093,"minecraft:player_kills":1}},"DataVersion":3465}