{"stats":{"minecraft:picked_up":{"minecraft:stone_pickaxe":1,"minecraft:stone_axe":1},"minecraft:custom":{"minecraft:jump":41,"minecraft:time_since_rest":28916,"minecraft:damage_dealt":20,"minecraft:crouch_one_cm":26,"minecraft:leave_game":7,"minecraft:sprint_one_cm":3531,"minecraft:play_time":28916,"minecraft:time_since_death":28916,"minecraft:walk_one_cm":54764,"minecraft:sneak_time":110,"minecraft:total_world_time":28916,"minecraft:fly_one_cm":19093,"minecraft:player_kills":1}},"DataVersion":3465}