{"stats":{"minecraft:custom":{"minecraft:jump":54,"minecraft:time_since_rest":17438,"minecraft:damage_dealt":8,"minecraft:crouch_one_cm":3100,"minecraft:leave_game":5,"minecraft:sprint_one_cm":12251,"minecraft:play_time":17438,"minecraft:damage_taken":224,"minecraft:time_since_death":17438,"minecraft:walk_one_cm":47904,"minecraft:sneak_time":1491,"minecraft:total_world_time":17438,"minecraft:fall_one_cm":209,"minecraft:fly_one_cm":8391},"minecraft:mined":{"projectvibrantjourneys:short_grass":2}},"DataVersion":3465}