{"stats":{"minecraft:picked_up":{"projectvibrantjourneys:light_brown_bark_mushroom":2,"minecraft:rotten_flesh":1,"minecraft:apple":2,"minecraft:oak_log":25,"minecraft:oak_sapling":6},"minecraft:custom":{"minecraft:time_since_rest":0,"minecraft:crouch_one_cm":3100,"minecraft:deaths":2,"minecraft:play_time":26291,"minecraft:sprint_one_cm":31130,"minecraft:damage_taken":834,"minecraft:walk_one_cm":63689,"minecraft:sneak_time":1748,"minecraft:drop":5,"minecraft:jump":107,"minecraft:damage_dealt":8,"minecraft:leave_game":8,"minecraft:time_since_death":0,"minecraft:total_world_time":26291,"minecraft:fall_one_cm":3594,"minecraft:interact_with_crafting_table":2,"minecraft:fly_one_cm":13434},"minecraft:crafted":{"minecraft:oak_planks":6,"minecraft:crafting_table":1,"minecraft:stick":4,"minecraft:wooden_pickaxe":1,"minecraft:air":8},"minecraft:used":{"minecraft:crafting_table":1},"minecraft:mined":{"minecraft:oak_log":16,"projectvibrantjourneys:short_grass":2},"minecraft:dropped":{"projectvibrantjourneys:light_brown_bark_mushroom":1,"minecraft:oak_log":11,"minecraft:oak_sapling":3}},"DataVersion":3465}