{"stats":{"minecraft:picked_up":{"minecraft:stick":1,"minecraft:allium":2,"minecraft:oak_log":3,"minecraft:dirt":8,"minecraft:wheat_seeds":1,"minecraft:orange_tulip":2,"minecraft:peony":1,"minecraft:stone_pickaxe":1,"minecraft:oak_sapling":5,"projectvibrantjourneys:twigs":3,"minecraft:oak_planks":1,"minecraft:coal":5,"minecraft:cobblestone":57},"minecraft:custom":{"minecraft:time_since_rest":9089,"minecraft:sprint_one_cm":5212,"minecraft:damage_taken":3,"minecraft:walk_one_cm":13572,"minecraft:drop":4,"minecraft:damage_dealt":10,"minecraft:swim_one_cm":3332,"minecraft:interact_with_crafting_table":3,"minecraft:fly_one_cm":1301,"minecraft:crouch_one_cm":5137,"minecraft:play_time":9089,"minecraft:sneak_time":2063,"minecraft:walk_under_water_one_cm":270,"minecraft:jump":60,"minecraft:leave_game":2,"minecraft:time_since_death":9089,"minecraft:walk_on_water_one_cm":2056,"minecraft:total_world_time":9089,"minecraft:fall_one_cm":478},"minecraft:crafted":{"minecraft:oak_planks":3,"minecraft:stick":3,"minecraft:stone_pickaxe":1,"minecraft:stone_sword":1,"minecraft:torch":1,"minecraft:air":20},"minecraft:used":{"minecraft:stone_pickaxe":62,"minecraft:oak_planks":1,"minecraft:torch":4,"minecraft:dirt":6,"minecraft:cobblestone":5,"minecraft:allium":2},"minecraft:mined":{"minecraft:coal_ore":5,"minecraft:oak_log":5,"minecraft:dirt":19,"minecraft:stone":57,"minecraft:oak_planks":1},"minecraft:dropped":{"minecraft:wheat_seeds":1,"minecraft:peony":1,"minecraft:orange_tulip":2}},"DataVersion":3465}