{"stats":{"minecraft:picked_up":{"minecraft:apple":1,"minecraft:wheat_seeds":1},"minecraft:custom":{"minecraft:jump":202,"minecraft:time_since_rest":1761,"minecraft:damage_taken":581,"minecraft:damage_dealt":29,"minecraft:crouch_one_cm":1212,"minecraft:leave_game":7,"minecraft:sprint_one_cm":47329,"minecraft:play_time":23501,"minecraft:walk_one_cm":63702,"minecraft:time_since_death":1731,"minecraft:deaths":1,"minecraft:sneak_time":502,"minecraft:total_world_time":23501,"minecraft:drop":1,"minecraft:fall_one_cm":6257,"minecraft:fly_one_cm":25865},"minecraft:dropped":{"minecraft:wheat_seeds":1},"minecraft:mined":{"minecraft:grass":2,"minecraft:oak_leaves":1}},"DataVersion":3465}