{"stats":{"minecraft:dropped":{"minecraft:wheat_seeds":1},"minecraft:picked_up":{"minecraft:wheat_seeds":1},"minecraft:custom":{"minecraft:jump":79,"minecraft:time_since_rest":15378,"minecraft:damage_dealt":29,"minecraft:crouch_one_cm":599,"minecraft:leave_game":3,"minecraft:sprint_one_cm":16979,"minecraft:play_time":15378,"minecraft:damage_taken":213,"minecraft:time_since_death":15378,"minecraft:walk_one_cm":42444,"minecraft:sneak_time":234,"minecraft:total_world_time":15378,"minecraft:drop":1,"minecraft:fall_one_cm":2359,"minecraft:fly_one_cm":9119},"minecraft:mined":{"minecraft:grass":2}},"DataVersion":3465}