{"stats":{"minecraft:dropped":{"minecraft:stone_axe":1,"minecraft:orange_tulip":1,"minecraft:stone_pickaxe":1,"minecraft:pink_tulip":1},"minecraft:used":{"minecraft:wooden_pickaxe":15,"minecraft:stone_axe":7,"minecraft:dirt":3,"minecraft:crafting_table":1},"minecraft:picked_up":{"minecraft:birch_log":5,"minecraft:stick":1,"minecraft:crafting_table":1,"minecraft:dirt":15,"minecraft:wheat_seeds":1,"minecraft:orange_tulip":1,"minecraft:pink_tulip":2,"minecraft:cobblestone":14},"minecraft:custom":{"minecraft:time_since_rest":20451,"minecraft:sprint_one_cm":39866,"minecraft:walk_one_cm":49312,"minecraft:damage_taken":286,"minecraft:drop":4,"minecraft:damage_dealt":768,"minecraft:fly_one_cm":38130,"minecraft:interact_with_crafting_table":2,"minecraft:crouch_one_cm":1755,"minecraft:play_time":20451,"minecraft:sneak_time":1503,"minecraft:jump":1097,"minecraft:leave_game":5,"minecraft:time_since_death":20451,"minecraft:total_world_time":20451,"minecraft:fall_one_cm":6064},"minecraft:crafted":{"minecraft:crafting_table":1,"minecraft:stick":12,"minecraft:wooden_pickaxe":1,"minecraft:stone_pickaxe":2,"minecraft:birch_planks":5,"minecraft:stone_axe":2,"minecraft:air":20},"minecraft:mined":{"minecraft:birch_log":5,"minecraft:orange_tulip":1,"minecraft:crafting_table":1,"projectvibrantjourneys:twigs":1,"minecraft:grass_block":3,"projectvibrantjourneys:short_grass":7,"minecraft:dirt":12,"minecraft:pink_tulip":1,"minecraft:stone":14,"minecraft:oak_leaves":4}},"DataVersion":3465}