{"stats":{"minecraft:picked_up":{"minecraft:birch_log":5,"minecraft:stick":1,"minecraft:crafting_table":1,"ecologics:coconut_boat":1,"minecraft:dirt":15,"minecraft:wheat_seeds":1,"minecraft:orange_tulip":1,"minecraft:white_tulip":1,"minecraft:pink_tulip":2,"minecraft:cobblestone":14},"minecraft:custom":{"minecraft:time_since_rest":28739,"minecraft:sprint_one_cm":47641,"minecraft:damage_taken":478,"minecraft:walk_one_cm":58528,"minecraft:drop":4,"minecraft:damage_dealt":801,"minecraft:interact_with_crafting_table":2,"minecraft:fly_one_cm":54606,"minecraft:crouch_one_cm":4683,"minecraft:play_time":28739,"minecraft:sneak_time":1790,"minecraft:walk_under_water_one_cm":315,"minecraft:boat_one_cm":142311,"minecraft:jump":1169,"minecraft:leave_game":8,"minecraft:time_since_death":28739,"minecraft:walk_on_water_one_cm":3802,"minecraft:total_world_time":28739,"minecraft:fall_one_cm":9886},"minecraft:crafted":{"minecraft:crafting_table":1,"minecraft:stick":12,"minecraft:wooden_pickaxe":1,"minecraft:stone_pickaxe":2,"minecraft:birch_planks":5,"minecraft:stone_axe":2,"minecraft:air":20},"minecraft:used":{"minecraft:wooden_pickaxe":15,"minecraft:stone_axe":7,"minecraft:dirt":3,"minecraft:crafting_table":1,"ecologics:coconut_boat":1},"minecraft:mined":{"minecraft:birch_log":5,"minecraft:orange_tulip":1,"minecraft:crafting_table":1,"projectvibrantjourneys:twigs":1,"minecraft:grass_block":3,"projectvibrantjourneys:short_grass":7,"minecraft:dirt":12,"minecraft:pink_tulip":1,"minecraft:stone":14,"minecraft:white_tulip":1,"minecraft:oak_leaves":4},"minecraft:dropped":{"minecraft:stone_axe":1,"minecraft:orange_tulip":1,"minecraft:stone_pickaxe":1,"minecraft:pink_tulip":1}},"DataVersion":3465}