{"stats":{"minecraft:custom":{"minecraft:jump":84,"minecraft:time_since_rest":12767,"minecraft:damage_dealt":-33,"minecraft:crouch_one_cm":5210,"minecraft:leave_game":1,"minecraft:sprint_one_cm":1921,"minecraft:play_time":12767,"minecraft:damage_taken":25,"minecraft:time_since_death":12767,"minecraft:walk_one_cm":32736,"minecraft:sneak_time":1654,"minecraft:total_world_time":12767,"minecraft:mob_kills":7,"minecraft:fall_one_cm":476,"minecraft:fly_one_cm":23197,"minecraft:damage_dealt_resisted":1651},"minecraft:killed":{"undead_revamp2:thehunter":1,"minecraft:zombie":6},"minecraft:picked_up":{"minecraft:pink_petals":29,"minecraft:rotten_flesh":1,"projectvibrantjourneys:fallen_leaves":1,"minecraft:dirt":22,"minecraft:spider_eye":1,"minecraft:cobblestone":7}},"DataVersion":3465}