{"stats":{"minecraft:picked_up":{"minecraft:orange_tulip":1,"minecraft:oak_log":8},"minecraft:custom":{"minecraft:time_since_rest":15616,"minecraft:crouch_one_cm":3427,"minecraft:play_time":15616,"minecraft:sprint_one_cm":22909,"minecraft:damage_taken":252,"minecraft:walk_one_cm":49206,"minecraft:sneak_time":930,"minecraft:drop":1,"minecraft:jump":111,"minecraft:damage_dealt":87,"minecraft:leave_game":4,"minecraft:time_since_death":15616,"minecraft:total_world_time":15616,"minecraft:fly_one_cm":18241,"minecraft:interact_with_crafting_table":1,"minecraft:fall_one_cm":3137},"minecraft:crafted":{"minecraft:oak_planks":6,"minecraft:oak_wood":3,"minecraft:crafting_table":1,"minecraft:stick":4,"minecraft:wooden_pickaxe":1,"minecraft:air":8,"minecraft:wooden_axe":1},"minecraft:used":{"minecraft:wooden_axe":1,"minecraft:crafting_table":1},"minecraft:dropped":{"minecraft:orange_tulip":1},"minecraft:mined":{"minecraft:oak_log":9,"projectvibrantjourneys:short_grass":1}},"DataVersion":3465}