{"stats":{"minecraft:picked_up":{"minecraft:orange_tulip":1},"minecraft:custom":{"minecraft:jump":69,"minecraft:time_since_rest":10351,"minecraft:damage_dealt":87,"minecraft:crouch_one_cm":585,"minecraft:leave_game":3,"minecraft:sprint_one_cm":17032,"minecraft:play_time":10351,"minecraft:damage_taken":242,"minecraft:time_since_death":10351,"minecraft:walk_one_cm":26050,"minecraft:sneak_time":143,"minecraft:total_world_time":10351,"minecraft:fall_one_cm":1465,"minecraft:fly_one_cm":12418}},"DataVersion":3465}