{"stats":{"minecraft:picked_up":{"minecraft:stick":1,"minecraft:crafting_table":2,"minecraft:wooden_pickaxe":1,"minecraft:porkchop":6,"minecraft:oak_log":13,"minecraft:gunpowder":1,"minecraft:lily_of_the_valley":3,"minecraft:spider_eye":1,"minecraft:rotten_flesh":5,"minecraft:orange_tulip":1,"minecraft:wheat_seeds":3,"minecraft:oak_sapling":1,"projectvibrantjourneys:twigs":1,"minecraft:cobblestone":6},"minecraft:custom":{"minecraft:time_since_rest":351,"minecraft:sprint_one_cm":70092,"minecraft:damage_taken":1107,"minecraft:walk_one_cm":79137,"minecraft:mob_kills":4,"minecraft:drop":7,"minecraft:damage_dealt":691,"minecraft:interact_with_crafting_table":4,"minecraft:fly_one_cm":33786,"minecraft:crouch_one_cm":239,"minecraft:play_time":18370,"minecraft:deaths":2,"minecraft:sneak_time":86,"minecraft:jump":212,"minecraft:leave_game":3,"minecraft:time_since_death":323,"minecraft:total_world_time":18370,"minecraft:fall_one_cm":5341},"minecraft:crafted":{"minecraft:oak_planks":6,"minecraft:crafting_table":1,"minecraft:stick":1,"minecraft:wooden_pickaxe":1,"minecraft:stone_pickaxe":1,"minecraft:air":31},"minecraft:used":{"minecraft:stone_pickaxe":20,"minecraft:wooden_pickaxe":28,"minecraft:rotten_flesh":2,"minecraft:crafting_table":3,"minecraft:oak_sapling":1},"minecraft:killed":{"minecraft:zombie":2,"minecraft:pig":2},"minecraft:mined":{"minecraft:lily_of_the_valley":4,"minecraft:crafting_table":2,"projectvibrantjourneys:twigs":1,"minecraft:oak_log":13,"projectvibrantjourneys:short_grass":2,"minecraft:stone":6},"minecraft:dropped":{"minecraft:wheat_seeds":3,"minecraft:rotten_flesh":2,"minecraft:wooden_pickaxe":2}},"DataVersion":3465}