{"stats":{"minecraft:dropped":{"minecraft:rotten_flesh":2,"minecraft:wheat_seeds":3},"minecraft:picked_up":{"minecraft:stick":1,"minecraft:crafting_table":2,"minecraft:rotten_flesh":4,"minecraft:wheat_seeds":3,"minecraft:porkchop":6,"minecraft:oak_log":6,"minecraft:gunpowder":1,"minecraft:oak_sapling":1},"minecraft:custom":{"minecraft:time_since_rest":8119,"minecraft:play_time":8119,"minecraft:sprint_one_cm":21830,"minecraft:damage_taken":331,"minecraft:walk_one_cm":33979,"minecraft:mob_kills":3,"minecraft:drop":5,"minecraft:jump":84,"minecraft:damage_dealt":281,"minecraft:leave_game":1,"minecraft:time_since_death":8119,"minecraft:total_world_time":8119,"minecraft:fall_one_cm":2930,"minecraft:interact_with_crafting_table":3,"minecraft:fly_one_cm":12878},"minecraft:used":{"minecraft:rotten_flesh":2,"minecraft:crafting_table":2,"minecraft:oak_sapling":1,"minecraft:wooden_pickaxe":16},"minecraft:killed":{"minecraft:zombie":1,"minecraft:pig":2},"minecraft:crafted":{"minecraft:oak_planks":6,"minecraft:crafting_table":1,"minecraft:stick":1,"minecraft:air":30,"minecraft:wooden_pickaxe":1},"minecraft:mined":{"projectvibrantjourneys:twigs":1,"minecraft:oak_log":6,"minecraft:crafting_table":2}},"DataVersion":3465}