{"stats":{"minecraft:custom":{"minecraft:interact_with_crafting_table":4,"minecraft:damage_dealt_resisted":24,"minecraft:time_since_death":2358,"minecraft:damage_resisted":94,"minecraft:time_since_rest":2409,"minecraft:damage_absorbed":237,"minecraft:sprint_one_cm":93311,"minecraft:walk_one_cm":84342,"minecraft:damage_taken":2338,"minecraft:drop":4,"minecraft:damage_dealt":858,"minecraft:damage_dealt_absorbed":14,"minecraft:fly_one_cm":147154,"minecraft:crouch_one_cm":1524,"minecraft:play_time":32378,"minecraft:deaths":6,"minecraft:sneak_time":633,"minecraft:jump":735,"minecraft:total_world_time":32378,"minecraft:fall_one_cm":29457},"minecraft:crafted":{"minecraft:cherry_planks":12,"minecraft:oak_planks":4,"minecraft:crafting_table":4,"minecraft:wooden_pickaxe":2,"minecraft:birch_planks":4,"minecraft:air":104,"minecraft:stick":4,"minecraft:wooden_axe":2},"minecraft:used":{"minecraft:wooden_pickaxe":4,"minecraft:cherry_planks":7,"minecraft:rotten_flesh":4,"minecraft:dirt":1,"minecraft:crafting_table":3,"minecraft:wooden_axe":8,"projectvibrantjourneys:fallen_leaves":1,"minecraft:pink_petals":2,"minecraft:oak_sapling":1,"minecraft:dandelion":1,"minecraft:enchanted_golden_apple":4},"minecraft:mined":{"minecraft:cherry_planks":5,"minecraft:cherry_log":23,"minecraft:dandelion":2,"projectvibrantjourneys:rocks":3,"minecraft:crafting_table":3,"projectvibrantjourneys:twigs":13,"bakery:wild_strawberries":4,"minecraft:grass_block":2,"projectvibrantjourneys:mossy_rocks":2,"minecraft:tall_grass":6,"projectvibrantjourneys:fallen_leaves":1,"minecraft:pink_petals":7,"minecraft:hay_block":3,"minecraft:birch_log":4,"projectvibrantjourneys:bones":2,"minecraft:birch_leaves":2,"projectvibrantjourneys:bark_mushroom":1,"minecraft:azure_bluet":2,"minecraft:grass":39,"minecraft:oak_log":4,"projectvibrantjourneys:short_grass":32,"minecraft:cherry_leaves":4,"minecraft:dirt":3,"minecraft:oak_leaves":1},"minecraft:killed_by":{"minecraft:player":2,"minecraft:zombie":3},"minecraft:dropped":{"minecraft:wheat_seeds":4,"minecraft:pink_petals":8,"projectvibrantjourneys:bark_mushroom":1},"minecraft:picked_up":{"minecraft:birch_log":4,"minecraft:pink_petals":18,"minecraft:crafting_table":3,"minecraft:azure_bluet":2,"minecraft:cherry_planks":5,"projectvibrantjourneys:fallen_leaves":1,"pointblank:m9":1,"minecraft:oak_log":4,"minecraft:gunpowder":1,"minecraft:netherite_leggings":1,"minecraft:dirt":18,"minecraft:bone":2,"minecraft:wheat_seeds":9,"pointblank:ammo9mm":192,"minecraft:enchanted_golden_apple":64,"minecraft:stick":16,"bakery:strawberry":3,"projectvibrantjourneys:bark_mushroom":1,"minecraft:dandelion":1,"pointblank:gunmetal_nugget":14,"minecraft:cherry_log":23,"minecraft:spider_eye":1,"minecraft:rotten_flesh":5,"minecraft:netherite_helmet":1,"minecraft:diamond_boots":1,"minecraft:hay_block":3,"minecraft:cherry_sapling":6,"minecraft:netherite_chestplate":1,"projectvibrantjourneys:orange_bark_mushroom":2,"minecraft:oak_sapling":1,"minecraft:cobblestone":4}},"DataVersion":3465}