{"stats":{"minecraft:killed_by":{"minecraft:player":1},"minecraft:picked_up":{"minecraft:birch_log":5,"minecraft:stick":7,"minecraft:pumpkin":1,"projectvibrantjourneys:fallen_leaves":1,"projectvibrantjourneys:bark_mushroom":1,"minecraft:potato":2,"minecraft:oak_log":20,"minecraft:carrot":8,"minecraft:dirt":38,"minecraft:bone":2,"minecraft:apple":15,"minecraft:sea_pickle":3,"minecraft:peony":1,"minecraft:wheat_seeds":4,"minecraft:hay_block":2,"minecraft:oak_sapling":5,"minecraft:birch_sapling":1,"minecraft:coal":5,"minecraft:cobblestone":12,"minecraft:egg":2},"minecraft:custom":{"minecraft:time_since_rest":14348,"minecraft:sprint_one_cm":92163,"minecraft:damage_taken":1043,"minecraft:walk_one_cm":35555,"minecraft:drop":6,"minecraft:damage_dealt":147,"minecraft:interact_with_crafting_table":7,"minecraft:fly_one_cm":58083,"minecraft:open_barrel":2,"minecraft:open_chest":1,"minecraft:crouch_one_cm":3402,"minecraft:play_time":18662,"minecraft:deaths":1,"minecraft:sneak_time":934,"minecraft:jump":338,"minecraft:leave_game":6,"minecraft:time_since_death":14324,"minecraft:total_world_time":18662,"minecraft:fall_one_cm":9202},"minecraft:crafted":{"minecraft:oak_planks":14,"minecraft:crafting_table":2,"minecraft:stick":4,"minecraft:wooden_pickaxe":2,"minecraft:stone_pickaxe":2,"minecraft:stone_axe":1,"minecraft:air":78},"minecraft:used":{"minecraft:stone_pickaxe":11,"minecraft:oak_planks":1,"minecraft:wooden_pickaxe":6,"minecraft:stone_axe":13,"minecraft:crafting_table":2,"minecraft:sea_pickle":2},"minecraft:dropped":{"minecraft:potato":2,"minecraft:wheat_seeds":3,"minecraft:apple":15,"minecraft:stone_pickaxe":1},"minecraft:mined":{"minecraft:hay_block":2,"minecraft:sea_pickle":2,"minecraft:birch_log":5,"farmersdelight:wild_carrots":8,"projectvibrantjourneys:bones":2,"minecraft:pumpkin":1,"projectvibrantjourneys:rocks":1,"minecraft:peony":3,"minecraft:grass":1,"projectvibrantjourneys:twigs":5,"minecraft:allium":2,"minecraft:coal_ore":5,"minecraft:grass_block":9,"minecraft:oak_log":18,"projectvibrantjourneys:short_grass":14,"projectvibrantjourneys:mossy_rocks":1,"minecraft:dirt":18,"minecraft:pink_tulip":1,"minecraft:stone":12,"projectvibrantjourneys:fallen_leaves":1,"minecraft:oak_leaves":1}},"DataVersion":3465}