{"stats":{"minecraft:killed_by":{"minecraft:player":1},"minecraft:dropped":{"minecraft:potato":2,"minecraft:wheat_seeds":2,"minecraft:apple":15},"minecraft:used":{"minecraft:wooden_pickaxe":2,"minecraft:crafting_table":1,"minecraft:sea_pickle":2},"minecraft:picked_up":{"minecraft:stick":4,"minecraft:pumpkin":1,"projectvibrantjourneys:fallen_leaves":1,"minecraft:potato":2,"minecraft:oak_log":6,"minecraft:carrot":8,"minecraft:dirt":14,"minecraft:bone":1,"minecraft:apple":15,"minecraft:sea_pickle":3,"minecraft:wheat_seeds":2,"minecraft:hay_block":2,"minecraft:cobblestone":2,"minecraft:egg":2},"minecraft:custom":{"minecraft:time_since_rest":2537,"minecraft:sprint_one_cm":38935,"minecraft:walk_one_cm":13423,"minecraft:damage_taken":830,"minecraft:drop":4,"minecraft:damage_dealt":28,"minecraft:interact_with_crafting_table":1,"minecraft:fly_one_cm":29378,"minecraft:open_barrel":2,"minecraft:open_chest":1,"minecraft:crouch_one_cm":257,"minecraft:play_time":6851,"minecraft:deaths":1,"minecraft:sneak_time":107,"minecraft:jump":129,"minecraft:leave_game":4,"minecraft:time_since_death":2513,"minecraft:total_world_time":6851,"minecraft:fall_one_cm":4045},"minecraft:crafted":{"minecraft:oak_planks":6,"minecraft:crafting_table":1,"minecraft:stick":2,"minecraft:wooden_pickaxe":1,"minecraft:air":34},"minecraft:mined":{"minecraft:hay_block":2,"minecraft:sea_pickle":2,"farmersdelight:wild_carrots":8,"projectvibrantjourneys:bones":1,"minecraft:pumpkin":1,"projectvibrantjourneys:twigs":4,"minecraft:grass_block":3,"minecraft:oak_log":6,"projectvibrantjourneys:short_grass":5,"minecraft:dirt":11,"minecraft:pink_tulip":1,"minecraft:stone":2,"projectvibrantjourneys:fallen_leaves":1,"minecraft:oak_leaves":1}},"DataVersion":3465}