{"stats":{"minecraft:broken":{"minecraft:wooden_pickaxe":1},"minecraft:picked_up":{"minecraft:wheat_seeds":3,"minecraft:orange_tulip":2,"minecraft:peony":1,"minecraft:wooden_pickaxe":1,"minecraft:pink_tulip":1,"minecraft:oak_log":2,"minecraft:oak_sapling":2,"minecraft:lily_of_the_valley":1,"projectvibrantjourneys:twigs":1},"minecraft:custom":{"minecraft:time_since_rest":1737,"minecraft:crouch_one_cm":6571,"minecraft:deaths":2,"minecraft:play_time":28238,"minecraft:sprint_one_cm":31151,"minecraft:damage_taken":1283,"minecraft:walk_one_cm":121426,"minecraft:sneak_time":853,"minecraft:drop":5,"minecraft:jump":296,"minecraft:damage_dealt":291,"minecraft:leave_game":4,"minecraft:time_since_death":1326,"minecraft:total_world_time":28238,"minecraft:fall_one_cm":4884,"minecraft:fly_one_cm":27261},"minecraft:used":{"minecraft:wooden_pickaxe":5},"minecraft:dropped":{"minecraft:wheat_seeds":3,"minecraft:orange_tulip":2},"minecraft:mined":{"minecraft:oak_log":2,"projectvibrantjourneys:short_grass":6}},"DataVersion":3465}