{"stats":{"minecraft:dropped":{"minecraft:orange_tulip":1,"minecraft:wheat_seeds":3},"minecraft:picked_up":{"minecraft:pink_tulip":1,"minecraft:orange_tulip":1,"minecraft:wheat_seeds":3},"minecraft:custom":{"minecraft:jump":194,"minecraft:time_since_rest":3183,"minecraft:deaths":1,"minecraft:damage_dealt":234,"minecraft:crouch_one_cm":5834,"minecraft:leave_game":2,"minecraft:sprint_one_cm":13998,"minecraft:play_time":20023,"minecraft:damage_taken":906,"minecraft:time_since_death":3148,"minecraft:walk_one_cm":73691,"minecraft:sneak_time":756,"minecraft:total_world_time":20023,"minecraft:drop":4,"minecraft:fall_one_cm":2372,"minecraft:fly_one_cm":19071},"minecraft:mined":{"projectvibrantjourneys:short_grass":6}},"DataVersion":3465}