{"stats":{"minecraft:custom":{"minecraft:time_since_rest":16185,"minecraft:crouch_one_cm":462,"minecraft:play_time":17012,"minecraft:sprint_one_cm":34130,"minecraft:deaths":1,"minecraft:damage_taken":370,"minecraft:walk_one_cm":42103,"minecraft:sneak_time":378,"minecraft:mob_kills":14,"minecraft:drop":12,"minecraft:damage_dealt_resisted":998,"minecraft:jump":209,"minecraft:damage_dealt":1347,"minecraft:leave_game":2,"minecraft:time_since_death":15940,"minecraft:total_world_time":17012,"minecraft:interact_with_crafting_table":2,"minecraft:fall_one_cm":7169,"minecraft:fly_one_cm":100930,"minecraft:player_kills":2},"minecraft:used":{"minecraft:diamond_sword":26,"minecraft:campfire":6},"minecraft:mined":{"minecraft:grass":3,"projectvibrantjourneys:short_grass":1,"minecraft:cherry_log":1},"minecraft:killed":{"minecraft:zombie":13,"undead_revamp2:thehunter":1},"minecraft:dropped":{"minecraft:diamond_boots":1,"minecraft:enchanted_golden_apple":64,"pointblank:ammo9mm":192,"minecraft:cherry_log":1,"pointblank:m9":1,"pointblank:m134minigun":1,"minecraft:netherite_leggings":1,"minecraft:netherite_helmet":1,"minecraft:netherite_chestplate":1,"minecraft:dandelion":1},"minecraft:picked_up":{"minecraft:bone":1,"minecraft:rotten_flesh":7,"projectvibrantjourneys:bark_mushroom":1,"minecraft:dandelion":1,"minecraft:cherry_log":1,"minecraft:gunpowder":1,"minecraft:string":1}},"DataVersion":3465}