{"stats":{"minecraft:mined":{"minecraft:birch_leaves":2},"minecraft:used":{"minecraft:zombie_spawn_egg":6},"minecraft:custom":{"minecraft:jump":5,"minecraft:time_since_rest":7893,"minecraft:crouch_one_cm":34,"minecraft:leave_game":4,"minecraft:play_time":7893,"minecraft:time_since_death":7893,"minecraft:walk_one_cm":409,"minecraft:sneak_time":377,"minecraft:total_world_time":7893,"minecraft:mob_kills":10,"minecraft:fly_one_cm":214888},"minecraft:killed":{"minecraft:bee":4,"minecraft:zombie":4,"alexsmobs:blue_jay":2}},"DataVersion":3465}