{"stats":{"minecraft:mined":{"minecraft:birch_leaves":2},"minecraft:used":{"minecraft:zombie_spawn_egg":7},"minecraft:custom":{"minecraft:jump":5,"minecraft:time_since_rest":8268,"minecraft:crouch_one_cm":34,"minecraft:leave_game":5,"minecraft:play_time":8268,"minecraft:time_since_death":8268,"minecraft:walk_one_cm":409,"minecraft:sneak_time":414,"minecraft:total_world_time":8268,"minecraft:mob_kills":10,"minecraft:fly_one_cm":216092},"minecraft:killed":{"minecraft:bee":4,"minecraft:zombie":4,"alexsmobs:blue_jay":2}},"DataVersion":3465}