{
  "cfm:recipes/decorations/birch_cabinet": {
    "criteria": {
      "has_log": "2024-05-27 22:58:03 +0000"
    },
    "done": true
  },
  "minecraft:recipes/decorations/ladder": {
    "criteria": {
      "has_stick": "2024-05-27 22:46:06 +0000"
    },
    "done": true
  },
  "mutantmonsters:root": {
    "criteria": {
      "killed_by_something": "2024-05-27 22:49:08 +0000"
    },
    "done": true
  },
  "takesapillage:root": {
    "criteria": {
      "always": "2024-05-27 22:43:44 +0000"
    },
    "done": true
  },
  "cfm:recipes/decorations/birch_desk_cabinet": {
    "criteria": {
      "has_log": "2024-05-27 22:58:03 +0000"
    },
    "done": true
  },
  "securitycraft:recipes/redstone/reinforced_birch_fence_gate": {
    "criteria": {
      "has_stick": "2024-05-27 22:46:06 +0000"
    },
    "done": true
  },
  "securitycraft:recipes/redstone/reinforced_crimson_fence_gate": {
    "criteria": {
      "has_stick": "2024-05-27 22:46:06 +0000"
    },
    "done": true
  },
  "securitycraft:recipes/misc/motion_activated_light": {
    "criteria": {
      "has_stick": "2024-05-27 22:46:06 +0000"
    },
    "done": true
  },
  "cfm:recipes/decorations/oak_coffee_table": {
    "criteria": {
      "has_log": "2024-05-27 23:00:31 +0000"
    },
    "done": true
  },
  "securitycraft:recipes/redstone/reinforced_jungle_fence_gate": {
    "criteria": {
      "has_stick": "2024-05-27 22:46:06 +0000"
    },
    "done": true
  },
  "minecraft:recipes/redstone/birch_button": {
    "criteria": {
      "has_planks": "2024-05-27 23:01:13 +0000"
    },
    "done": true
  },
  "minecraft:recipes/decorations/oak_sign": {
    "criteria": {
      "has_planks": "2024-05-27 23:01:16 +0000"
    },
    "done": true
  },
  "mcwfences:recipes/dark_oak": {
    "criteria": {
      "has_dark_oak": "2024-05-27 22:45:42 +0000"
    },
    "done": true
  },
  "decorative_blocks:recipes/building_blocks/oak_palisade": {
    "criteria": {
      "has_log": "2024-05-27 23:00:31 +0000"
    },
    "done": true
  },
  "undead_revamp2:theundeadchallenges": {
    "criteria": {
      "theundeadchallenges": "2024-05-27 22:43:44 +0000"
    },
    "done": true
  },
  "minecraft:story/mine_stone": {
    "criteria": {
      "get_stone": "2024-05-27 23:06:52 +0000"
    },
    "done": true
  },
  "minecraft:recipes/decorations/furnace": {
    "criteria": {
      "has_cobblestone": "2024-05-27 23:06:52 +0000"
    },
    "done": true
  },
  "mcwfences:recipes/crimson": {
    "criteria": {
      "has_crimson": "2024-05-27 22:45:42 +0000"
    },
    "done": true
  },
  "mcwfences:recipes/prismarine": {
    "criteria": {
      "has_qq": "2024-05-27 22:45:42 +0000"
    },
    "done": true
  },
  "mcwfences:recipes/quartz": {
    "criteria": {
      "has_qq": "2024-05-27 22:45:42 +0000"
    },
    "done": true
  },
  "minecraft:recipes/redstone/birch_door": {
    "criteria": {
      "has_planks": "2024-05-27 23:01:13 +0000"
    },
    "done": true
  },
  "minecraft:recipes/decorations/cherry_fence": {
    "criteria": {
      "has_planks": "2024-05-27 22:47:33 +0000"
    },
    "done": true
  },
  "minecraft:recipes/decorations/birch_fence": {
    "criteria": {
      "has_planks": "2024-05-27 23:01:13 +0000"
    },
    "done": true
  },
  "bakery:recipes/strawberry_chocolate": {
    "criteria": {
      "has_strawberry": "2024-05-27 22:52:42 +0000"
    },
    "done": true
  },
  "minecraft:recipes/tools/wooden_axe": {
    "criteria": {
      "has_stick": "2024-05-27 22:46:06 +0000"
    },
    "done": true
  },
  "cfm:recipes/decorations/birch_table": {
    "criteria": {
      "has_log": "2024-05-27 22:58:03 +0000"
    },
    "done": true
  },
  "securitycraft:recipes/redstone/reinforced_spruce_fence_gate": {
    "criteria": {
      "has_stick": "2024-05-27 22:46:06 +0000"
    },
    "done": true
  },
  "decorative_blocks:recipes/building_blocks/birch_palisade": {
    "criteria": {
      "has_log": "2024-05-27 22:58:03 +0000"
    },
    "done": true
  },
  "bakery:recipes/cabinet": {
    "criteria": {
      "has_oak_planks": "2024-05-27 23:01:16 +0000"
    },
    "done": true
  },
  "securitycraft:recipes/building_blocks/reinforced_andesite_with_vanilla_diorite": {
    "criteria": {
      "has_cobblestone": "2024-05-27 23:06:52 +0000"
    },
    "done": true
  },
  "minecraft:recipes/decorations/crafting_table": {
    "criteria": {
      "unlock_right_away": "2024-05-27 22:43:44 +0000"
    },
    "done": true
  },
  "minecraft:recipes/decorations/chest": {
    "criteria": {
      "has_lots_of_items": "2024-05-27 23:03:18 +0000"
    },
    "done": true
  },
  "minecraft:story/shiny_gear": {
    "criteria": {
      "diamond_boots": "2024-05-27 23:04:04 +0000"
    },
    "done": true
  },
  "minecraft:recipes/misc/stick": {
    "criteria": {
      "has_planks": "2024-05-27 22:47:33 +0000"
    },
    "done": true
  },
  "mcwfences:recipes/jungle": {
    "criteria": {
      "has_jungle": "2024-05-27 22:45:42 +0000"
    },
    "done": true
  },
  "mcwfurnitures:recipes/birch": {
    "criteria": {
      "has_wood": "2024-05-27 22:58:03 +0000"
    },
    "done": true
  },
  "minecraft:recipes/building_blocks/cobblestone_slab_from_cobblestone_stonecutting": {
    "criteria": {
      "has_cobblestone": "2024-05-27 23:06:52 +0000"
    },
    "done": true
  },
  "minecraft:recipes/decorations/birch_sign": {
    "criteria": {
      "has_planks": "2024-05-27 23:01:13 +0000"
    },
    "done": true
  },
  "cfm:recipes/decorations/oak_crate": {
    "criteria": {
      "has_log": "2024-05-27 23:00:31 +0000"
    },
    "done": true
  },
  "minecraft:recipes/building_blocks/birch_wood": {
    "criteria": {
      "has_log": "2024-05-27 22:58:03 +0000"
    },
    "done": true
  },
  "cfm:recipes/decorations/oak_kitchen_sink_dark": {
    "criteria": {
      "has_bottom": "2024-05-27 23:01:16 +0000"
    },
    "done": true
  },
  "cfm:recipes/decorations/oak_desk_cabinet": {
    "criteria": {
      "has_log": "2024-05-27 23:00:31 +0000"
    },
    "done": true
  },
  "minecraft:recipes/building_blocks/cherry_planks": {
    "criteria": {
      "has_log": "2024-05-27 22:46:47 +0000"
    },
    "done": true
  },
  "mcwfences:recipes/mangrove": {
    "criteria": {
      "has_mangrove": "2024-05-27 22:45:42 +0000"
    },
    "done": true
  },
  "mcwfences:recipes/warped": {
    "criteria": {
      "has_warped": "2024-05-27 22:45:42 +0000"
    },
    "done": true
  },
  "minecraft:recipes/redstone/birch_fence_gate": {
    "criteria": {
      "has_planks": "2024-05-27 23:01:13 +0000"
    },
    "done": true
  },
  "minecraft:recipes/building_blocks/stone": {
    "criteria": {
      "has_cobblestone": "2024-05-27 23:06:52 +0000"
    },
    "done": true
  },
  "decorative_blocks:recipes/building_blocks/birch_seat": {
    "criteria": {
      "has_plank": "2024-05-27 23:01:13 +0000"
    },
    "done": true
  },
  "cfm:recipes/decorations/birch_blinds": {
    "criteria": {
      "has_log": "2024-05-27 22:58:03 +0000"
    },
    "done": true
  },
  "mcwdoors:recipes/birch": {
    "criteria": {
      "has_wood": "2024-05-27 22:58:03 +0000"
    },
    "done": true
  },
  "securitycraft:recipes/building_blocks/reinforced_andesite_with_vanilla_cobblestone": {
    "criteria": {
      "has_cobblestone": "2024-05-27 23:06:52 +0000"
    },
    "done": true
  },
  "cfm:recipes/decorations/stripped_oak_kitchen_drawer": {
    "criteria": {
      "has_log": "2024-05-27 23:00:31 +0000"
    },
    "done": true
  },
  "minecraft:recipes/building_blocks/birch_slab": {
    "criteria": {
      "has_planks": "2024-05-27 23:01:13 +0000"
    },
    "done": true
  },
  "cfm:recipes/decorations/stripped_birch_chair": {
    "criteria": {
      "has_planks": "2024-05-27 22:58:03 +0000"
    },
    "done": true
  },
  "minecraft:recipes/redstone/target": {
    "criteria": {
      "has_hay_block": "2024-05-27 22:50:03 +0000"
    },
    "done": true
  },
  "cfm:recipes/decorations/birch_desk": {
    "criteria": {
      "has_log": "2024-05-27 22:58:03 +0000"
    },
    "done": true
  },
  "mcwfences:recipes/nether": {
    "criteria": {
      "has_nether_brick": "2024-05-27 22:45:42 +0000"
    },
    "done": true
  },
  "bakery:recipes/cupcake_display": {
    "criteria": {
      "has_stick": "2024-05-27 22:46:06 +0000"
    },
    "done": true
  },
  "securitycraft:recipes/misc/reinforced_acacia_fence": {
    "criteria": {
      "has_stick": "2024-05-27 22:46:06 +0000"
    },
    "done": true
  },
  "mcwbridges:recipes/oak_log_bridge_middle": {
    "criteria": {
      "has_planks": "2024-05-27 23:01:16 +0000"
    },
    "done": true
  },
  "minecraft:recipes/building_blocks/birch_stairs": {
    "criteria": {
      "has_planks": "2024-05-27 23:01:13 +0000"
    },
    "done": true
  },
  "ironchest:recipes/decorations/chests/vanilla_dirt_chest": {
    "criteria": {
      "has_iron_ingot": "2024-05-27 22:47:51 +0000"
    },
    "done": true
  },
  "cfm:recipes/decorations/oak_upgraded_fence": {
    "criteria": {
      "has_log": "2024-05-27 23:00:31 +0000"
    },
    "done": true
  },
  "securitycraft:recipes/redstone/reinforced_bamboo_fence_gate": {
    "criteria": {
      "has_stick": "2024-05-27 22:46:06 +0000"
    },
    "done": true
  },
  "mcwfences:recipes/bamboo": {
    "criteria": {
      "has_bamboo": "2024-05-27 22:45:42 +0000"
    },
    "done": true
  },
  "minecraft:recipes/building_blocks/oak_slab": {
    "criteria": {
      "has_planks": "2024-05-27 23:01:16 +0000"
    },
    "done": true
  },
  "minecraft:recipes/building_blocks/birch_planks": {
    "criteria": {
      "has_logs": "2024-05-27 22:58:03 +0000"
    },
    "done": true
  },
  "decorative_blocks:recipes/building_blocks/lattice": {
    "criteria": {
      "has_stick": "2024-05-27 22:46:06 +0000"
    },
    "done": true
  },
  "bakery:main/find_wild_crops": {
    "criteria": {
      "lettuce": "2024-05-27 22:52:42 +0000"
    },
    "done": true
  },
  "minecraft:recipes/tools/stone_pickaxe": {
    "criteria": {
      "has_cobblestone": "2024-05-27 23:06:52 +0000"
    },
    "done": true
  },
  "minecraft:recipes/decorations/cherry_sign": {
    "criteria": {
      "has_planks": "2024-05-27 22:47:33 +0000"
    },
    "done": true
  },
  "cfm:recipes/decorations/birch_bedside_cabinet": {
    "criteria": {
      "has_log": "2024-05-27 22:58:03 +0000"
    },
    "done": true
  },
  "minecraft:recipes/decorations/campfire": {
    "criteria": {
      "has_stick": "2024-05-27 22:46:06 +0000"
    },
    "done": true
  },
  "cfm:recipes/decorations/birch_crate": {
    "criteria": {
      "has_log": "2024-05-27 22:58:03 +0000"
    },
    "done": true
  },
  "mcwfences:recipes/spruce": {
    "criteria": {
      "has_spruce": "2024-05-27 22:45:42 +0000"
    },
    "done": true
  },
  "minecraft:recipes/tools/wooden_hoe": {
    "criteria": {
      "has_stick": "2024-05-27 22:46:06 +0000"
    },
    "done": true
  },
  "bakery:recipes/rolling_pin": {
    "criteria": {
      "has_oak_planks": "2024-05-27 23:01:16 +0000"
    },
    "done": true
  },
  "minecraft:recipes/redstone/oak_fence_gate": {
    "criteria": {
      "has_planks": "2024-05-27 23:01:16 +0000"
    },
    "done": true
  },
  "minecraft:recipes/misc/charcoal": {
    "criteria": {
      "has_log": "2024-05-27 22:46:47 +0000"
    },
    "done": true
  },
  "minecraft:recipes/redstone/cherry_pressure_plate": {
    "criteria": {
      "has_planks": "2024-05-27 22:47:33 +0000"
    },
    "done": true
  },
  "cfm:recipes/decorations/oak_upgraded_gate": {
    "criteria": {
      "has_log": "2024-05-27 23:00:31 +0000"
    },
    "done": true
  },
  "securitycraft:recipes/misc/sonic_security_system": {
    "criteria": {
      "has_stick": "2024-05-27 22:46:06 +0000"
    },
    "done": true
  },
  "cold_sweat:root": {
    "criteria": {
      "requirement": "2024-05-27 22:43:44 +0000"
    },
    "done": true
  },
  "cfm:recipes/decorations/oak_desk": {
    "criteria": {
      "has_log": "2024-05-27 23:00:31 +0000"
    },
    "done": true
  },
  "cfm:recipes/decorations/oak_blinds": {
    "criteria": {
      "has_log": "2024-05-27 23:00:31 +0000"
    },
    "done": true
  },
  "ags_day_counter:day_counter_root_advancement": {
    "criteria": {
      "day_counter_root_advancement_0": "2024-05-27 22:43:44 +0000"
    },
    "done": true
  },
  "projectvibrantjourneys:recipes/misc/brown_dye_from_bark_mushroom": {
    "criteria": {
      "has_bark_mushroom": "2024-05-27 23:03:18 +0000"
    },
    "done": true
  },
  "minecraft:recipes/redstone/oak_door": {
    "criteria": {
      "has_planks": "2024-05-27 23:01:16 +0000"
    },
    "done": true
  },
  "bakery:main/root": {
    "criteria": {
      "seeds": "2024-05-27 22:45:43 +0000"
    },
    "done": true
  },
  "cfm:recipes/decorations/birch_kitchen_sink_light": {
    "criteria": {
      "has_bottom": "2024-05-27 23:01:13 +0000"
    },
    "done": true
  },
  "minecraft:recipes/tools/wooden_shovel": {
    "criteria": {
      "has_stick": "2024-05-27 22:46:06 +0000"
    },
    "done": true
  },
  "securitycraft:recipes/redstone/reinforced_dark_oak_fence_gate": {
    "criteria": {
      "has_stick": "2024-05-27 22:46:06 +0000"
    },
    "done": true
  },
  "minecraft:recipes/building_blocks/cobblestone_slab": {
    "criteria": {
      "has_cobblestone": "2024-05-27 23:06:52 +0000"
    },
    "done": true
  },
  "cfm:recipes/decorations/birch_coffee_table": {
    "criteria": {
      "has_log": "2024-05-27 22:58:03 +0000"
    },
    "done": true
  },
  "minecraft:adventure/root": {
    "criteria": {
      "killed_by_something": "2024-05-27 22:49:08 +0000"
    },
    "done": true
  },
  "cfm:recipes/decorations/stripped_birch_desk_cabinet": {
    "criteria": {
      "has_planks": "2024-05-27 22:58:03 +0000"
    },
    "done": true
  },
  "cfm:recipes/decorations/oak_table": {
    "criteria": {
      "has_log": "2024-05-27 23:00:31 +0000"
    },
    "done": true
  },
  "minecraft:recipes/combat/wooden_sword": {
    "criteria": {
      "has_stick": "2024-05-27 22:46:06 +0000"
    },
    "done": true
  },
  "minecraft:recipes/building_blocks/oak_planks": {
    "criteria": {
      "has_logs": "2024-05-27 23:00:31 +0000"
    },
    "done": true
  },
  "mcwfurnitures:recipes/oak": {
    "criteria": {
      "has_wood": "2024-05-27 23:00:31 +0000"
    },
    "done": true
  },
  "minecraft:recipes/decorations/barrel": {
    "criteria": {
      "has_planks": "2024-05-27 22:47:33 +0000"
    },
    "done": true
  },
  "minecraft:recipes/decorations/cobblestone_wall_from_cobblestone_stonecutting": {
    "criteria": {
      "has_cobblestone": "2024-05-27 23:06:52 +0000"
    },
    "done": true
  },
  "decorative_blocks:recipes/building_blocks/oak_seat": {
    "criteria": {
      "has_plank": "2024-05-27 23:01:16 +0000"
    },
    "done": true
  },
  "securitycraft:recipes/misc/reinforced_birch_fence": {
    "criteria": {
      "has_stick": "2024-05-27 22:46:06 +0000"
    },
    "done": true
  },
  "cfm:recipes/decorations/birch_kitchen_sink_dark": {
    "criteria": {
      "has_bottom": "2024-05-27 23:01:13 +0000"
    },
    "done": true
  },
  "minecraft:recipes/misc/firework_rocket_simple": {
    "criteria": {
      "has_gunpowder": "2024-05-27 22:57:31 +0000"
    },
    "done": true
  },
  "securitycraft:recipes/misc/reinforced_dark_oak_fence": {
    "criteria": {
      "has_stick": "2024-05-27 22:46:06 +0000"
    },
    "done": true
  },
  "securitycraft:recipes/misc/reinforced_oak_fence": {
    "criteria": {
      "has_stick": "2024-05-27 22:46:06 +0000"
    },
    "done": true
  },
  "parcool:grant_parcool_guide": {
    "criteria": {
      "tick": "2024-05-27 22:43:44 +0000"
    },
    "done": true
  },
  "minecraft:recipes/building_blocks/cobblestone_stairs": {
    "criteria": {
      "has_cobblestone": "2024-05-27 23:06:52 +0000"
    },
    "done": true
  },
  "mcwbridges:recipes/asian_red_bridge_pier": {
    "criteria": {
      "has_planks": "2024-05-27 23:01:16 +0000"
    },
    "done": true
  },
  "cold_sweat:recipes/waterskin": {
    "criteria": {
      "temperature": "2024-05-27 22:48:44 +0000"
    },
    "done": true
  },
  "minecraft:recipes/redstone/cherry_door": {
    "criteria": {
      "has_planks": "2024-05-27 22:47:33 +0000"
    },
    "done": true
  },
  "securitycraft:recipes/redstone/reinforced_oak_fence_gate": {
    "criteria": {
      "has_stick": "2024-05-27 22:46:06 +0000"
    },
    "done": true
  },
  "securitycraft:recipes/misc/sc_manual": {
    "criteria": {
      "has_wood": "2024-05-27 22:46:47 +0000"
    },
    "done": true
  },
  "bakery:recipes/wall_cabinet": {
    "criteria": {
      "has_oak_planks": "2024-05-27 23:01:16 +0000"
    },
    "done": true
  },
  "bakery:recipes/chocolate_box": {
    "criteria": {
      "has_oak_planks": "2024-05-27 23:01:16 +0000"
    },
    "done": true
  },
  "securitycraft:recipes/misc/reinforced_bamboo_fence": {
    "criteria": {
      "has_stick": "2024-05-27 22:46:06 +0000"
    },
    "done": true
  },
  "securitycraft:recipes/misc/reinforced_crimson_fence": {
    "criteria": {
      "has_stick": "2024-05-27 22:46:06 +0000"
    },
    "done": true
  },
  "minecraft:recipes/tools/stone_shovel": {
    "criteria": {
      "has_cobblestone": "2024-05-27 23:06:52 +0000"
    },
    "done": true
  },
  "mcwfences:recipes/birch": {
    "criteria": {
      "has_birch": "2024-05-27 22:45:42 +0000"
    },
    "done": true
  },
  "minecraft:recipes/building_blocks/oak_wood": {
    "criteria": {
      "has_log": "2024-05-27 23:00:31 +0000"
    },
    "done": true
  },
  "cfm:recipes/decorations/stripped_oak_desk": {
    "criteria": {
      "has_planks": "2024-05-27 23:00:31 +0000"
    },
    "done": true
  },
  "cfm:recipes/decorations/stripped_oak_crate": {
    "criteria": {
      "has_planks": "2024-05-27 23:00:31 +0000"
    },
    "done": true
  },
  "minecraft:recipes/redstone/lever": {
    "criteria": {
      "has_cobblestone": "2024-05-27 23:06:52 +0000"
    },
    "done": true
  },
  "farmersdelight:recipes/cooking/dog_food": {
    "criteria": {
      "has_any_ingredient": "2024-05-27 22:57:31 +0000"
    },
    "done": true
  },
  "cfm:recipes/decorations/oak_kitchen_counter": {
    "criteria": {
      "has_log": "2024-05-27 23:00:31 +0000"
    },
    "done": true
  },
  "minecraft:recipes/misc/pink_dye_from_pink_petals": {
    "criteria": {
      "has_pink_petals": "2024-05-27 22:47:50 +0000"
    },
    "done": true
  },
  "mcwfences:recipes/stone": {
    "criteria": {
      "has_stone": "2024-05-27 22:45:42 +0000"
    },
    "done": true
  },
  "decorative_blocks:recipes/building_blocks/cherry_support": {
    "criteria": {
      "has_plank": "2024-05-27 22:47:33 +0000"
    },
    "done": true
  },
  "mcwfences:recipes/end": {
    "criteria": {
      "has_end_brick": "2024-05-27 22:45:42 +0000"
    },
    "done": true
  },
  "cfm:recipes/decorations/stripped_oak_kitchen_counter": {
    "criteria": {
      "has_log": "2024-05-27 23:00:31 +0000"
    },
    "done": true
  },
  "decorative_blocks:recipes/building_blocks/cherry_palisade": {
    "criteria": {
      "has_log": "2024-05-27 22:46:47 +0000"
    },
    "done": true
  },
  "cfm:recipes/decorations/birch_upgraded_gate": {
    "criteria": {
      "has_log": "2024-05-27 22:58:03 +0000"
    },
    "done": true
  },
  "mcwdoors:recipes/cherry": {
    "criteria": {
      "has_wood": "2024-05-27 22:46:47 +0000"
    },
    "done": true
  },
  "minecraft:recipes/building_blocks/cherry_slab": {
    "criteria": {
      "has_planks": "2024-05-27 22:47:33 +0000"
    },
    "done": true
  },
  "bakery:recipes/oat_seeds": {
    "criteria": {
      "has_wheat_seeds": "2024-05-27 22:46:07 +0000"
    },
    "done": true
  },
  "cfm:recipes/decorations/stripped_oak_table": {
    "criteria": {
      "has_planks": "2024-05-27 23:00:31 +0000"
    },
    "done": true
  },
  "mcwbridges:recipes/cherry_log_bridge_middle": {
    "criteria": {
      "has_planks": "2024-05-27 22:47:33 +0000"
    },
    "done": true
  },
  "minecraft:recipes/redstone/oak_trapdoor": {
    "criteria": {
      "has_planks": "2024-05-27 23:01:16 +0000"
    },
    "done": true
  },
  "mcwbridges:recipes/birch_rail_bridge": {
    "criteria": {
      "has_planks": "2024-05-27 23:01:13 +0000"
    },
    "done": true
  },
  "cfm:recipes/decorations/stripped_oak_desk_cabinet": {
    "criteria": {
      "has_planks": "2024-05-27 23:00:31 +0000"
    },
    "done": true
  },
  "cfm:recipes/decorations/birch_kitchen_drawer": {
    "criteria": {
      "has_log": "2024-05-27 22:58:03 +0000"
    },
    "done": true
  },
  "minecraft:recipes/combat/stone_sword": {
    "criteria": {
      "has_cobblestone": "2024-05-27 23:06:52 +0000"
    },
    "done": true
  },
  "minecraft:recipes/decorations/cobblestone_wall": {
    "criteria": {
      "has_cobblestone": "2024-05-27 23:06:52 +0000"
    },
    "done": true
  },
  "minecraft:recipes/tools/stone_axe": {
    "criteria": {
      "has_cobblestone": "2024-05-27 23:06:52 +0000"
    },
    "done": true
  },
  "mcwbridges:recipes/cherry_bridge_pier": {
    "criteria": {
      "has_planks": "2024-05-27 22:46:47 +0000"
    },
    "done": true
  },
  "cfm:recipes/decorations/oak_bedside_cabinet": {
    "criteria": {
      "has_log": "2024-05-27 23:00:31 +0000"
    },
    "done": true
  },
  "farmersdelight:recipes/combat/flint_knife": {
    "criteria": {
      "has_stick": "2024-05-27 22:46:06 +0000"
    },
    "done": true
  },
  "cfm:recipes/decorations/stripped_oak_bedside_cabinet": {
    "criteria": {
      "has_planks": "2024-05-27 23:00:31 +0000"
    },
    "done": true
  },
  "mcwfences:recipes/sandstone": {
    "criteria": {
      "has_sand": "2024-05-27 22:45:42 +0000"
    },
    "done": true
  },
  "securitycraft:recipes/redstone/laser_block": {
    "criteria": {
      "has_stone": "2024-05-27 23:06:52 +0000"
    },
    "done": true
  },
  "minecraft:recipes/building_blocks/cherry_stairs": {
    "criteria": {
      "has_planks": "2024-05-27 22:47:33 +0000"
    },
    "done": true
  },
  "cfm:recipes/decorations/stripped_birch_crate": {
    "criteria": {
      "has_planks": "2024-05-27 22:58:03 +0000"
    },
    "done": true
  },
  "decorative_blocks:recipes/building_blocks/birch_support": {
    "criteria": {
      "has_plank": "2024-05-27 23:01:13 +0000"
    },
    "done": true
  },
  "mcwbridges:recipes/birch_bridge_pier": {
    "criteria": {
      "has_planks": "2024-05-27 22:58:03 +0000"
    },
    "done": true
  },
  "bakery:recipes/strawberry_seeds": {
    "criteria": {
      "has_strawberry": "2024-05-27 22:52:42 +0000"
    },
    "done": true
  },
  "mcwfences:recipes/acacia": {
    "criteria": {
      "has_acacia": "2024-05-27 22:45:42 +0000"
    },
    "done": true
  },
  "cfm:recipes/decorations/oak_chair": {
    "criteria": {
      "has_log": "2024-05-27 23:00:31 +0000"
    },
    "done": true
  },
  "cfm:recipes/decorations/stripped_birch_bedside_cabinet": {
    "criteria": {
      "has_planks": "2024-05-27 22:58:03 +0000"
    },
    "done": true
  },
  "cfm:recipes/decorations/stripped_oak_cabinet": {
    "criteria": {
      "has_log": "2024-05-27 23:00:31 +0000"
    },
    "done": true
  },
  "mcwfences:recipes/oak": {
    "criteria": {
      "has_oak": "2024-05-27 22:45:42 +0000"
    },
    "done": true
  },
  "securitycraft:recipes/misc/reinforced_jungle_fence": {
    "criteria": {
      "has_stick": "2024-05-27 22:46:06 +0000"
    },
    "done": true
  },
  "minecraft:recipes/building_blocks/oak_stairs": {
    "criteria": {
      "has_planks": "2024-05-27 23:01:16 +0000"
    },
    "done": true
  },
  "cfm:recipes/decorations/stripped_birch_park_bench": {
    "criteria": {
      "has_log": "2024-05-27 22:58:03 +0000"
    },
    "done": true
  },
  "minecraft:recipes/redstone/cherry_trapdoor": {
    "criteria": {
      "has_planks": "2024-05-27 22:47:33 +0000"
    },
    "done": true
  },
  "minecraft:recipes/decorations/oak_fence": {
    "criteria": {
      "has_planks": "2024-05-27 23:01:16 +0000"
    },
    "done": true
  },
  "securitycraft:recipes/misc/reinforced_warped_fence": {
    "criteria": {
      "has_stick": "2024-05-27 22:46:06 +0000"
    },
    "done": true
  },
  "minecraft:recipes/redstone/cherry_button": {
    "criteria": {
      "has_planks": "2024-05-27 22:47:33 +0000"
    },
    "done": true
  },
  "cfm:recipes/decorations/stripped_birch_cabinet": {
    "criteria": {
      "has_log": "2024-05-27 22:58:03 +0000"
    },
    "done": true
  },
  "bakery:recipes/street_sign": {
    "criteria": {
      "has_oak_planks": "2024-05-27 23:01:16 +0000"
    },
    "done": true
  },
  "mcwfences:recipes/mud_brick": {
    "criteria": {
      "has_qq": "2024-05-27 22:45:42 +0000"
    },
    "done": true
  },
  "minecraft:recipes/misc/yellow_dye_from_dandelion": {
    "criteria": {
      "has_dandelion": "2024-05-27 22:57:58 +0000"
    },
    "done": true
  },
  "minecraft:recipes/misc/bone_meal": {
    "criteria": {
      "has_bone": "2024-05-27 22:57:57 +0000"
    },
    "done": true
  },
  "mcwfences:recipes/blackstone": {
    "criteria": {
      "has_blackstone": "2024-05-27 22:45:42 +0000"
    },
    "done": true
  },
  "bakery:recipes/drawer": {
    "criteria": {
      "has_oak_planks": "2024-05-27 23:01:16 +0000"
    },
    "done": true
  },
  "mcwbridges:recipes/asian_red_bridge": {
    "criteria": {
      "has_planks": "2024-05-27 23:01:16 +0000"
    },
    "done": true
  },
  "cfm:recipes/decorations/birch_upgraded_fence": {
    "criteria": {
      "has_log": "2024-05-27 22:58:03 +0000"
    },
    "done": true
  },
  "mcwfences:recipes/hedge": {
    "criteria": {
      "has_birch": "2024-05-27 22:45:42 +0000"
    },
    "done": true
  },
  "securitycraft:recipes/redstone/reinforced_cherry_fence_gate": {
    "criteria": {
      "has_stick": "2024-05-27 22:46:06 +0000"
    },
    "done": true
  },
  "minecraft:husbandry/root": {
    "criteria": {
      "consumed_item": "2024-05-27 23:02:54 +0000"
    },
    "done": true
  },
  "decorative_blocks:recipes/building_blocks/oak_support": {
    "criteria": {
      "has_plank": "2024-05-27 23:01:16 +0000"
    },
    "done": true
  },
  "cfm:recipes/decorations/stripped_oak_park_bench": {
    "criteria": {
      "has_log": "2024-05-27 23:00:31 +0000"
    },
    "done": true
  },
  "minecraft:recipes/building_blocks/cherry_wood": {
    "criteria": {
      "has_log": "2024-05-27 22:46:47 +0000"
    },
    "done": true
  },
  "decorative_blocks:recipes/building_blocks/rocky_dirt": {
    "criteria": {
      "has_dirt": "2024-05-27 22:47:51 +0000"
    },
    "done": true
  },
  "mcwbridges:recipes/rope_cherry_bridge": {
    "criteria": {
      "has_planks": "2024-05-27 22:47:33 +0000"
    },
    "done": true
  },
  "projectvibrantjourneys:recipes/misc/orange_dye_from_orange_bark_mushroom": {
    "criteria": {
      "has_orange_bark_mushroom": "2024-05-27 23:09:40 +0000"
    },
    "done": true
  },
  "mcwbridges:recipes/cherry_rail_bridge": {
    "criteria": {
      "has_planks": "2024-05-27 22:47:33 +0000"
    },
    "done": true
  },
  "mcwbridges:recipes/rope_oak_bridge": {
    "criteria": {
      "has_planks": "2024-05-27 23:01:16 +0000"
    },
    "done": true
  },
  "securitycraft:recipes/redstone/reinforced_acacia_fence_gate": {
    "criteria": {
      "has_stick": "2024-05-27 22:46:06 +0000"
    },
    "done": true
  },
  "bakery:recipes/tray": {
    "criteria": {
      "has_oak_planks": "2024-05-27 23:01:16 +0000"
    },
    "done": true
  },
  "minecraft:recipes/redstone/oak_button": {
    "criteria": {
      "has_planks": "2024-05-27 23:01:16 +0000"
    },
    "done": true
  },
  "decorative_blocks:recipes/building_blocks/cherry_seat": {
    "criteria": {
      "has_plank": "2024-05-27 22:47:33 +0000"
    },
    "done": true
  },
  "mcwfurnitures:recipes/cherry": {
    "criteria": {
      "has_wood": "2024-05-27 22:46:47 +0000"
    },
    "done": true
  },
  "mcwbridges:recipes/oak_rail_bridge": {
    "criteria": {
      "has_planks": "2024-05-27 23:01:16 +0000"
    },
    "done": true
  },
  "cfm:recipes/decorations/stripped_oak_coffee_table": {
    "criteria": {
      "has_planks": "2024-05-27 23:00:31 +0000"
    },
    "done": true
  },
  "cfm:recipes/decorations/stripped_birch_coffee_table": {
    "criteria": {
      "has_planks": "2024-05-27 22:58:03 +0000"
    },
    "done": true
  },
  "mcwbridges:recipes/cobblestone_bridge": {
    "criteria": {
      "has_planks": "2024-05-27 23:06:52 +0000"
    },
    "done": true
  },
  "securitycraft:recipes/misc/reinforced_cherry_fence": {
    "criteria": {
      "has_stick": "2024-05-27 22:46:06 +0000"
    },
    "done": true
  },
  "cfm:recipes/decorations/stripped_birch_desk": {
    "criteria": {
      "has_planks": "2024-05-27 22:58:03 +0000"
    },
    "done": true
  },
  "minecraft:recipes/misc/light_gray_dye_from_azure_bluet": {
    "criteria": {
      "has_azure_bluet": "2024-05-27 22:45:42 +0000"
    },
    "done": true
  },
  "bakery:recipes/strawberry_crate": {
    "criteria": {
      "has_strawberry": "2024-05-27 22:52:42 +0000"
    },
    "done": true
  },
  "cfm:recipes/decorations/birch_chair": {
    "criteria": {
      "has_log": "2024-05-27 22:58:03 +0000"
    },
    "done": true
  },
  "mcwfences:recipes/deepslate": {
    "criteria": {
      "has_deepslate": "2024-05-27 22:45:42 +0000"
    },
    "done": true
  },
  "mcwbridges:recipes/oak_bridge_pier": {
    "criteria": {
      "has_planks": "2024-05-27 23:00:31 +0000"
    },
    "done": true
  },
  "securitycraft:recipes/redstone/reinforced_warped_fence_gate": {
    "criteria": {
      "has_stick": "2024-05-27 22:46:06 +0000"
    },
    "done": true
  },
  "minecraft:recipes/redstone/cherry_fence_gate": {
    "criteria": {
      "has_planks": "2024-05-27 22:47:33 +0000"
    },
    "done": true
  },
  "mcwbridges:recipes/birch_log_bridge_middle": {
    "criteria": {
      "has_planks": "2024-05-27 23:01:13 +0000"
    },
    "done": true
  },
  "cfm:recipes/decorations/stripped_birch_table": {
    "criteria": {
      "has_planks": "2024-05-27 22:58:03 +0000"
    },
    "done": true
  },
  "minecraft:recipes/brewing/fermented_spider_eye": {
    "criteria": {
      "has_spider_eye": "2024-05-27 23:07:57 +0000"
    },
    "done": true
  },
  "cfm:recipes/decorations/birch_park_bench": {
    "criteria": {
      "has_log": "2024-05-27 22:58:03 +0000"
    },
    "done": true
  },
  "mcwbridges:recipes/cobblestone_bridge_pier": {
    "criteria": {
      "has_planks": "2024-05-27 23:06:52 +0000"
    },
    "done": true
  },
  "cfm:recipes/decorations/oak_park_bench": {
    "criteria": {
      "has_log": "2024-05-27 23:00:31 +0000"
    },
    "done": true
  },
  "minecraft:recipes/tools/wooden_pickaxe": {
    "criteria": {
      "has_stick": "2024-05-27 22:46:06 +0000"
    },
    "done": true
  },
  "farmersdelight:main/root": {
    "criteria": {
      "seeds": "2024-05-27 22:45:42 +0000"
    },
    "done": true
  },
  "cfm:recipes/decorations/birch_kitchen_counter": {
    "criteria": {
      "has_log": "2024-05-27 22:58:03 +0000"
    },
    "done": true
  },
  "farmersdelight:recipes/cooking/bone_broth": {
    "criteria": {
      "has_bone": "2024-05-27 22:57:57 +0000"
    },
    "done": true
  },
  "minecraft:recipes/redstone/oak_pressure_plate": {
    "criteria": {
      "has_planks": "2024-05-27 23:01:16 +0000"
    },
    "done": true
  },
  "securitycraft:recipes/redstone/reinforced_mangrove_fence_gate": {
    "criteria": {
      "has_stick": "2024-05-27 22:46:06 +0000"
    },
    "done": true
  },
  "minecraft:recipes/redstone/birch_trapdoor": {
    "criteria": {
      "has_planks": "2024-05-27 23:01:13 +0000"
    },
    "done": true
  },
  "securitycraft:recipes/misc/reinforced_mangrove_fence": {
    "criteria": {
      "has_stick": "2024-05-27 22:46:06 +0000"
    },
    "done": true
  },
  "securitycraft:recipes/building_blocks/reinforced_andesite": {
    "criteria": {
      "has_cobblestone": "2024-05-27 23:06:52 +0000"
    },
    "done": true
  },
  "cfm:recipes/decorations/stripped_oak_chair": {
    "criteria": {
      "has_planks": "2024-05-27 23:00:31 +0000"
    },
    "done": true
  },
  "mcwbridges:recipes/cobblestone_bridge_stair": {
    "criteria": {
      "has_planks": "2024-05-27 23:06:52 +0000"
    },
    "done": true
  },
  "mcwbridges:recipes/balustrade_cobblestone_bridge": {
    "criteria": {
      "has_planks": "2024-05-27 23:06:52 +0000"
    },
    "done": true
  },
  "cfm:recipes/decorations/oak_kitchen_sink_light": {
    "criteria": {
      "has_bottom": "2024-05-27 23:01:16 +0000"
    },
    "done": true
  },
  "farmersdelight:recipes/building_blocks/organic_compost_from_rotten_flesh": {
    "criteria": {
      "has_rotten_flesh": "2024-05-27 22:57:31 +0000"
    },
    "done": true
  },
  "securitycraft:recipes/building_blocks/reinforced_diorite": {
    "criteria": {
      "has_cobblestone": "2024-05-27 23:06:52 +0000"
    },
    "done": true
  },
  "cfm:recipes/decorations/oak_cabinet": {
    "criteria": {
      "has_log": "2024-05-27 23:00:31 +0000"
    },
    "done": true
  },
  "minecraft:adventure/adventuring_time": {
    "criteria": {
      "minecraft:cherry_grove": "2024-05-27 22:46:35 +0000",
      "minecraft:forest": "2024-05-27 22:50:14 +0000",
      "minecraft:meadow": "2024-05-27 22:43:46 +0000"
    },
    "done": false
  },
  "bakery:recipes/bread_box": {
    "criteria": {
      "has_stick": "2024-05-27 22:46:06 +0000"
    },
    "done": true
  },
  "minecraft:recipes/building_blocks/cobblestone_stairs_from_cobblestone_stonecutting": {
    "criteria": {
      "has_cobblestone": "2024-05-27 23:06:52 +0000"
    },
    "done": true
  },
  "minecraft:recipes/misc/wheat": {
    "criteria": {
      "has_hay_block": "2024-05-27 22:50:03 +0000"
    },
    "done": true
  },
  "minecraft:recipes/redstone/birch_pressure_plate": {
    "criteria": {
      "has_planks": "2024-05-27 23:01:13 +0000"
    },
    "done": true
  },
  "cfm:recipes/decorations/stripped_birch_kitchen_counter": {
    "criteria": {
      "has_log": "2024-05-27 22:58:03 +0000"
    },
    "done": true
  },
  "farmersdelight:recipes/decorations/cutting_board": {
    "criteria": {
      "has_stick": "2024-05-27 22:46:06 +0000"
    },
    "done": true
  },
  "mcwdoors:recipes/oak": {
    "criteria": {
      "has_wood": "2024-05-27 23:00:31 +0000"
    },
    "done": true
  },
  "minecraft:husbandry/balanced_diet": {
    "criteria": {
      "rotten_flesh": "2024-05-27 23:02:54 +0000",
      "enchanted_golden_apple": "2024-05-27 23:04:04 +0000"
    },
    "done": false
  },
  "cfm:recipes/decorations/oak_kitchen_drawer": {
    "criteria": {
      "has_log": "2024-05-27 23:00:31 +0000"
    },
    "done": true
  },
  "cfm:recipes/decorations/stripped_birch_kitchen_drawer": {
    "criteria": {
      "has_log": "2024-05-27 22:58:03 +0000"
    },
    "done": true
  },
  "minecraft:recipes/redstone/tnt": {
    "criteria": {
      "has_gunpowder": "2024-05-27 22:57:31 +0000"
    },
    "done": true
  },
  "cold_sweat:survival_tactics": {
    "criteria": {
      "freezing_on_fire": "2024-05-27 23:07:13 +0000"
    },
    "done": true
  },
  "minecraft:recipes/tools/stone_hoe": {
    "criteria": {
      "has_cobblestone": "2024-05-27 23:06:52 +0000"
    },
    "done": true
  },
  "mcwbridges:recipes/rope_birch_bridge": {
    "criteria": {
      "has_planks": "2024-05-27 23:01:13 +0000"
    },
    "done": true
  },
  "minecraft:story/root": {
    "criteria": {
      "crafting_table": "2024-05-27 22:47:35 +0000"
    },
    "done": true
  },
  "bakery:recipes/brick_counter": {
    "criteria": {
      "has_oak_planks": "2024-05-27 23:01:16 +0000"
    },
    "done": true
  },
  "securitycraft:recipes/misc/reinforced_spruce_fence": {
    "criteria": {
      "has_stick": "2024-05-27 22:46:06 +0000"
    },
    "done": true
  },
  "cold_sweat:recipes/thermometer": {
    "criteria": {
      "temperature": "2024-05-27 22:43:44 +0000"
    },
    "done": true
  },
  "cold_sweat:extreme_temps": {
    "criteria": {
      "requirement": "2024-05-27 22:43:44 +0000"
    },
    "done": true
  },
  "minecraft:recipes/misc/mojang_banner_pattern": {
    "criteria": {
      "has_enchanted_golden_apple": "2024-05-27 23:04:02 +0000"
    },
    "done": true
  },
  "DataVersion": 3465
}